{
   "dashboards": [{
      "autoswitchEnabled": false,
      "columnCount": 1,
      "columnProportion": "1-1",
      "creationTime": 1632059599739,
      "dashboardNavigations": {},
      "description": "",
      "disabled": false,
      "gridsterMaxColumns": 12,
      "hidden": false,
      "homeTab": false,
      "id": "10b66cae-bcda-44f8-8770-64f1aac9d91b",
      "importAttempts": 0,
      "importComplete": true,
      "lastUpdateTime": 1632073774854,
      "lastUpdateUserId": "287ed085-c6ca-4255-b69c-956f1665ed51",
      "locked": false,
      "name": "Custom Dashboards/Oracle Database Details",
      "namePath": "Custom Dashboards",
      "rank": 0,
      "shared": false,
      "states": [{
         "key": "permDashboardTime_dashboard_10b66cae-bcda-44f8-8770-64f1aac9d91b",
         "value": "o%3AdateRange%3Ds%253Alast7Days%5EdateRangeText%3Ds%253A7D"
      }],
      "temporary": false,
      "userId": "287ed085-c6ca-4255-b69c-956f1665ed51",
      "widgetInteractions": [
         {
            "type": "resourceId",
            "widgetIdProvider": "5941c808-1206-485a-8f6a-64ce9cf802eb",
            "widgetIdReceiver": "ed96c2b6-0e25-4108-8687-7cde81abddb1"
         },
         {
            "type": "resourceId",
            "widgetIdProvider": "5941c808-1206-485a-8f6a-64ce9cf802eb",
            "widgetIdReceiver": "0ef99ab8-366f-4339-9017-191dddea8152"
         },
         {
            "type": "resourceId",
            "widgetIdProvider": "5941c808-1206-485a-8f6a-64ce9cf802eb",
            "widgetIdReceiver": "17c2d575-0eab-4f43-acad-9d41ae71f054"
         },
         {
            "type": "resourceId",
            "widgetIdProvider": "17c2d575-0eab-4f43-acad-9d41ae71f054",
            "widgetIdReceiver": "d230bf57-82e8-40f0-97cf-d00066e44694"
         },
         {
            "type": "resourceId",
            "widgetIdProvider": "5941c808-1206-485a-8f6a-64ce9cf802eb",
            "widgetIdReceiver": "d07aa454-6ee6-4069-93ae-f0698f012bb7"
         },
         {
            "type": "resourceId",
            "widgetIdProvider": "5941c808-1206-485a-8f6a-64ce9cf802eb",
            "widgetIdReceiver": "f0626a22-70ac-4ed4-a671-aede8ef71cc7"
         },
         {
            "type": "resourceId",
            "widgetIdProvider": "5941c808-1206-485a-8f6a-64ce9cf802eb",
            "widgetIdReceiver": "3c0d90ba-e399-4221-b5d5-cc4a9674e786"
         }
      ],
      "widgets": [
         {
            "collapsed": false,
            "config": {
               "chartViewItems": [],
               "isUpdatedView": true,
               "refreshContent": {"refreshContent": true},
               "refreshInterval": 300,
               "resource": {
                  "id": "Ext.vcops.chrome.model.Resource-1",
                  "resourceId": "resource:id:0_::_",
                  "resourceKindId": "002009ContainerFunction",
                  "resourceName": "Oracle Databases",
                  "traversalSpecId": ""
               },
               "selectFirstRow": {"selectFirstRow": true},
               "selfProvider": {"selfProvider": true},
               "title": "Oracle Database Details",
               "traversalSpecId": null,
               "viewDefinitionId": "c5b89c45-8dfd-4f7d-b7e6-cb32d03edc54"
            },
            "gridsterCoords": {
               "h": 5,
               "w": 8,
               "x": 1,
               "y": 1
            },
            "height": 266,
            "id": "5941c808-1206-485a-8f6a-64ce9cf802eb",
            "title": "Oracle Database Details",
            "type": "View"
         },
         {
            "collapsed": false,
            "config": {
               "boxColumns": 2,
               "boxHeight": null,
               "customFilter": {
                  "excludedResources": null,
                  "filter": [],
                  "includedResources": null
               },
               "depth": 1,
               "labelSize": 16,
               "maxCellCount": 100,
               "metric": {
                  "mode": "resourceKind",
                  "resourceKindMetrics": [
                     {
                        "colorMethod": 1,
                        "handleOldColoring": false,
                        "id": "extModel31484-1",
                        "isStringMetric": false,
                        "label": "Connection Processes",
                        "link": "",
                        "metricKey": "Activity|connection_processes",
                        "metricName": "Activity|Connection Processes",
                        "metricUnitId": null,
                        "orangeBound": null,
                        "redBound": null,
                        "resourceKindId": "resourceKind:id:0_::_",
                        "resourceKindName": "Oracle Database Database",
                        "unit": "",
                        "yellowBound": null
                     },
                     {
                        "colorMethod": 1,
                        "handleOldColoring": false,
                        "id": "extModel31484-2",
                        "isStringMetric": false,
                        "label": "Long Running Jobs",
                        "link": "",
                        "metricKey": "Activity|long_running_jobs",
                        "metricName": "Activity|Long Running Jobs",
                        "metricUnitId": null,
                        "orangeBound": null,
                        "redBound": null,
                        "resourceKindId": "resourceKind:id:0_::_",
                        "resourceKindName": "Oracle Database Database",
                        "unit": "",
                        "yellowBound": null
                     },
                     {
                        "colorMethod": 0,
                        "handleOldColoring": false,
                        "id": "extModel31484-3",
                        "isStringMetric": false,
                        "label": "Processes Usage",
                        "link": "",
                        "metricKey": "Activity|process_usage",
                        "metricName": "Activity|Processes Usage",
                        "metricUnitId": -1,
                        "orangeBound": 95,
                        "redBound": 99,
                        "resourceKindId": "resourceKind:id:0_::_",
                        "resourceKindName": "Oracle Database Database",
                        "unit": "Auto",
                        "yellowBound": 90
                     },
                     {
                        "colorMethod": 0,
                        "handleOldColoring": false,
                        "id": "extModel31484-4",
                        "isStringMetric": false,
                        "label": "Sessions Usage",
                        "link": "",
                        "metricKey": "Activity|session_usage",
                        "metricName": "Activity|Sessions Usage",
                        "metricUnitId": -1,
                        "orangeBound": 95,
                        "redBound": 99,
                        "resourceKindId": "resourceKind:id:0_::_",
                        "resourceKindName": "Oracle Database Database",
                        "unit": "Auto",
                        "yellowBound": 90
                     }
                  ],
                  "resourceMetrics": [],
                  "subMode": "resourceKindAll"
               },
               "mode": {"layoutMode": "fixedView"},
               "oldMetricValues": false,
               "periodLength": "dashboardTime",
               "refreshContent": {"refreshContent": true},
               "refreshInterval": 300,
               "relationshipMode": {"relationshipMode": 0},
               "resInteractionMode": null,
               "resource": [],
               "roundDecimals": 0,
               "selfProvider": {"selfProvider": false},
               "showDT": {"showDT": false},
               "showMetricName": {"showMetricName": true},
               "showMetricUnit": {"showMetricUnit": true},
               "showResourceName": {"showResourceName": false},
               "showSparkline": {"showSparkline": true},
               "title": "Scoreboard (for selected Database)",
               "valueSize": 24,
               "visualTheme": 6
            },
            "gridsterCoords": {
               "h": 5,
               "w": 4,
               "x": 9,
               "y": 1
            },
            "height": 266,
            "id": "ed96c2b6-0e25-4108-8687-7cde81abddb1",
            "title": "Scoreboard (for selected Database)",
            "type": "Scoreboard"
         },
         {
            "collapsed": false,
            "config": {
               "customFilter": {
                  "excludedResources": null,
                  "filter": [],
                  "includedResources": null
               },
               "depth": "0,3",
               "filterMode": "tagPicker",
               "refreshContent": {"refreshContent": true},
               "refreshInterval": 300,
               "resourceId": null,
               "resourceName": null,
               "selfProvider": {"selfProvider": false},
               "tagFilter": null,
               "title": "Object Relationship (Advanced)",
               "traversalSpecId": ""
            },
            "gridsterCoords": {
               "h": 11,
               "w": 6,
               "x": 7,
               "y": 6
            },
            "height": 609,
            "id": "0ef99ab8-366f-4339-9017-191dddea8152",
            "states": [
               {
                  "key": "perm_viewerType_widget_10b66cae-bcda-44f8-8770-64f1aac9d91b_0ef99ab8-366f-4339-9017-191dddea8152",
                  "value": "s%3ArelationshipTree"
               },
               {
                  "key": "perm_ResourceRelationshipTree_widget_10b66cae-bcda-44f8-8770-64f1aac9d91b_0ef99ab8-366f-4339-9017-191dddea8152",
                  "value": "o%3A"
               },
               {
                  "key": "perm_toolbarVisible_widget_10b66cae-bcda-44f8-8770-64f1aac9d91b_0ef99ab8-366f-4339-9017-191dddea8152",
                  "value": "b%3A1"
               }
            ],
            "title": "Object Relationship (Advanced)",
            "type": "ResourceRelationshipAdvanced"
         },
         {
            "collapsed": false,
            "config": {
               "chartViewItems": [
                  "legend",
                  "labels",
                  "title"
               ],
               "isUpdatedView": true,
               "refreshContent": {"refreshContent": true},
               "refreshInterval": 300,
               "resource": null,
               "selectFirstRow": {"selectFirstRow": true},
               "selfProvider": {"selfProvider": false},
               "title": "Instance Details (for selected Database)",
               "traversalSpecId": "",
               "viewDefinitionId": "7cfddf1a-152d-45fd-823a-4cefd53985d9"
            },
            "gridsterCoords": {
               "h": 6,
               "w": 6,
               "x": 1,
               "y": 6
            },
            "height": 324,
            "id": "17c2d575-0eab-4f43-acad-9d41ae71f054",
            "states": [{
               "key": "perm_toolbarVisible_widget_10b66cae-bcda-44f8-8770-64f1aac9d91b_17c2d575-0eab-4f43-acad-9d41ae71f054",
               "value": "b%3A1"
            }],
            "title": "Instance Details (for selected Database)",
            "type": "View"
         },
         {
            "collapsed": false,
            "config": {
               "boxColumns": 4,
               "boxHeight": null,
               "customFilter": {
                  "excludedResources": null,
                  "filter": [],
                  "includedResources": null
               },
               "depth": 1,
               "labelSize": 16,
               "maxCellCount": 100,
               "metric": {
                  "mode": "resourceKind",
                  "resourceKindMetrics": [
                     {
                        "colorMethod": 1,
                        "handleOldColoring": false,
                        "id": "extModel11907-1",
                        "isStringMetric": false,
                        "link": "",
                        "metricKey": "Activity|enqueue_deadlocks",
                        "metricName": "Activity|Enqueue Deadlocks",
                        "orangeBound": null,
                        "redBound": null,
                        "resourceKindId": "resourceKind:id:1_::_",
                        "resourceKindName": "Oracle Database Instance",
                        "yellowBound": null
                     },
                     {
                        "colorMethod": 1,
                        "handleOldColoring": false,
                        "id": "extModel11907-2",
                        "isStringMetric": false,
                        "link": "",
                        "metricKey": "Activity|enqueue_timeouts",
                        "metricName": "Activity|Enqueue Timeouts",
                        "orangeBound": null,
                        "redBound": null,
                        "resourceKindId": "resourceKind:id:1_::_",
                        "resourceKindName": "Oracle Database Instance",
                        "yellowBound": null
                     },
                     {
                        "colorMethod": 1,
                        "handleOldColoring": false,
                        "id": "extModel11907-3",
                        "isStringMetric": false,
                        "link": "",
                        "metricKey": "Activity|queries_parallelized",
                        "metricName": "Activity|Queries Parallelized",
                        "orangeBound": null,
                        "redBound": null,
                        "resourceKindId": "resourceKind:id:1_::_",
                        "resourceKindName": "Oracle Database Instance",
                        "yellowBound": null
                     },
                     {
                        "colorMethod": 1,
                        "handleOldColoring": false,
                        "id": "extModel11907-4",
                        "isStringMetric": false,
                        "link": "",
                        "metricKey": "Disk IO|average_io_time",
                        "metricName": "Disk IO|Average I/O Time",
                        "metricUnitId": -1,
                        "orangeBound": null,
                        "redBound": null,
                        "resourceKindId": "resourceKind:id:1_::_",
                        "resourceKindName": "Oracle Database Instance",
                        "unit": "Auto",
                        "yellowBound": null
                     },
                     {
                        "colorMethod": 1,
                        "handleOldColoring": false,
                        "id": "extModel11907-5",
                        "isStringMetric": false,
                        "link": "",
                        "metricKey": "Disk IO|average_read_time",
                        "metricName": "Disk IO|Average Read Time",
                        "metricUnitId": -1,
                        "orangeBound": null,
                        "redBound": null,
                        "resourceKindId": "resourceKind:id:1_::_",
                        "resourceKindName": "Oracle Database Instance",
                        "unit": "Auto",
                        "yellowBound": null
                     },
                     {
                        "colorMethod": 1,
                        "handleOldColoring": false,
                        "id": "extModel11907-6",
                        "isStringMetric": false,
                        "link": "",
                        "metricKey": "Disk IO|average_write_time",
                        "metricName": "Disk IO|Average Write Time",
                        "metricUnitId": -1,
                        "orangeBound": null,
                        "redBound": null,
                        "resourceKindId": "resourceKind:id:1_::_",
                        "resourceKindName": "Oracle Database Instance",
                        "unit": "Auto",
                        "yellowBound": null
                     },
                     {
                        "colorMethod": 1,
                        "handleOldColoring": false,
                        "id": "extModel11907-7",
                        "isStringMetric": false,
                        "link": "",
                        "metricKey": "Performance|enqueue_deadlocks_rate",
                        "metricName": "Performance|Enqueue Deadlocks",
                        "metricUnitId": -1,
                        "orangeBound": null,
                        "redBound": null,
                        "resourceKindId": "resourceKind:id:1_::_",
                        "resourceKindName": "Oracle Database Instance",
                        "unit": "Auto",
                        "yellowBound": null
                     },
                     {
                        "colorMethod": 1,
                        "handleOldColoring": false,
                        "id": "extModel11907-8",
                        "isStringMetric": false,
                        "link": "",
                        "metricKey": "Performance|enqueue_timeouts_rate",
                        "metricName": "Performance|Enqueue Timeouts",
                        "metricUnitId": -1,
                        "orangeBound": null,
                        "redBound": null,
                        "resourceKindId": "resourceKind:id:1_::_",
                        "resourceKindName": "Oracle Database Instance",
                        "unit": "Auto",
                        "yellowBound": null
                     },
                     {
                        "colorMethod": 0,
                        "handleOldColoring": false,
                        "id": "extModel11907-9",
                        "isStringMetric": false,
                        "label": "",
                        "link": "",
                        "metricKey": "Performance|executions_rate",
                        "metricName": "Performance|Executions",
                        "metricUnitId": -1,
                        "orangeBound": 9000,
                        "redBound": 10000,
                        "resourceKindId": "resourceKind:id:1_::_",
                        "resourceKindName": "Oracle Database Instance",
                        "unit": "Auto",
                        "yellowBound": 8000
                     },
                     {
                        "colorMethod": 1,
                        "handleOldColoring": false,
                        "id": "extModel11907-10",
                        "isStringMetric": false,
                        "link": "",
                        "metricKey": "Session|active_user_sessions",
                        "metricName": "Session|Active User Sessions",
                        "orangeBound": null,
                        "redBound": null,
                        "resourceKindId": "resourceKind:id:1_::_",
                        "resourceKindName": "Oracle Database Instance",
                        "yellowBound": null
                     },
                     {
                        "colorMethod": 1,
                        "handleOldColoring": false,
                        "id": "extModel11907-11",
                        "isStringMetric": false,
                        "link": "",
                        "metricKey": "Session|blocked_user_sessions",
                        "metricName": "Session|Blocked User Sessions",
                        "orangeBound": null,
                        "redBound": null,
                        "resourceKindId": "resourceKind:id:1_::_",
                        "resourceKindName": "Oracle Database Instance",
                        "yellowBound": null
                     },
                     {
                        "colorMethod": 1,
                        "handleOldColoring": false,
                        "id": "extModel11907-12",
                        "isStringMetric": false,
                        "link": "",
                        "metricKey": "Session|cached_user_sessions",
                        "metricName": "Session|Cached User Sessions",
                        "orangeBound": null,
                        "redBound": null,
                        "resourceKindId": "resourceKind:id:1_::_",
                        "resourceKindName": "Oracle Database Instance",
                        "yellowBound": null
                     }
                  ],
                  "resourceMetrics": [],
                  "subMode": "resourceKindAll"
               },
               "mode": {"layoutMode": "fixedView"},
               "oldMetricValues": false,
               "periodLength": "dashboardTime",
               "refreshContent": {"refreshContent": true},
               "refreshInterval": 300,
               "relationshipMode": {"relationshipMode": 0},
               "resInteractionMode": null,
               "resource": [],
               "roundDecimals": 0,
               "selfProvider": {"selfProvider": false},
               "showDT": {"showDT": false},
               "showMetricName": {"showMetricName": true},
               "showMetricUnit": {"showMetricUnit": true},
               "showResourceName": {"showResourceName": false},
               "showSparkline": {"showSparkline": true},
               "title": "Scoreboard (for selected Instance)",
               "valueSize": 24,
               "visualTheme": 6
            },
            "gridsterCoords": {
               "h": 5,
               "w": 6,
               "x": 1,
               "y": 12
            },
            "height": 268,
            "id": "d230bf57-82e8-40f0-97cf-d00066e44694",
            "title": "Scoreboard (for selected Instance)",
            "type": "Scoreboard"
         },
         {
            "collapsed": false,
            "config": {
               "additionalColumns": [],
               "barsCount": 10,
               "customFilter": {
                  "excludedResources": null,
                  "filter": [],
                  "includedResources": null
               },
               "depth": 2,
               "filterMode": "tagPicker",
               "filterOldMetrics": {"filterOldMetrics": false},
               "maxValue": null,
               "metric": {
                  "metricKey": "activity|EXECUTIONS",
                  "name": "Activity|Executions"
               },
               "metricName": "",
               "metricUnit": {
                  "metricUnitId": -1,
                  "metricUnitName": "Auto"
               },
               "mode": "all",
               "percentileValue": null,
               "refreshContent": {"refreshContent": true},
               "refreshInterval": 300,
               "regenerationTime": 15,
               "relationshipMode": {"relationshipMode": -1},
               "resource": [],
               "resourceKind": [{"id": "resourceKind:id:2_::_"}],
               "roundDecimals": 1,
               "selfProvider": {"selfProvider": false},
               "tagFilter": null,
               "title": "Query Executions (for selected Database)",
               "topOption": "metricsHighestUtilization"
            },
            "gridsterCoords": {
               "h": 7,
               "w": 4,
               "x": 1,
               "y": 17
            },
            "height": 380,
            "id": "d07aa454-6ee6-4069-93ae-f0698f012bb7",
            "title": "Query Executions (for selected Database)",
            "type": "ParetoAnalysis"
         },
         {
            "collapsed": false,
            "config": {
               "additionalColumns": [],
               "barsCount": 10,
               "customFilter": {
                  "excludedResources": null,
                  "filter": [],
                  "includedResources": null
               },
               "depth": 2,
               "filterMode": "tagPicker",
               "filterOldMetrics": {"filterOldMetrics": false},
               "maxValue": null,
               "metric": {
                  "metricKey": "activity|ELAPSED_TIME",
                  "name": "Activity|Elapsed Time (μs/s)"
               },
               "metricName": "",
               "metricUnit": {
                  "metricUnitId": "milliseconds_per_sec",
                  "metricUnitName": "ms/s"
               },
               "mode": "all",
               "percentileValue": null,
               "refreshContent": {"refreshContent": true},
               "refreshInterval": 300,
               "regenerationTime": 15,
               "relationshipMode": {"relationshipMode": -1},
               "resource": [],
               "resourceKind": [{"id": "resourceKind:id:2_::_"}],
               "roundDecimals": 1,
               "selfProvider": {"selfProvider": false},
               "tagFilter": null,
               "title": "Query Elapsed Time (for selected Database)",
               "topOption": "metricsHighestUtilization"
            },
            "gridsterCoords": {
               "h": 7,
               "w": 4,
               "x": 5,
               "y": 17
            },
            "height": 380,
            "id": "f0626a22-70ac-4ed4-a671-aede8ef71cc7",
            "title": "Query Elapsed Time (for selected Database)",
            "type": "ParetoAnalysis"
         },
         {
            "collapsed": false,
            "config": {
               "additionalColumns": [],
               "barsCount": 10,
               "customFilter": {
                  "excludedResources": null,
                  "filter": [],
                  "includedResources": null
               },
               "depth": 2,
               "filterMode": "tagPicker",
               "filterOldMetrics": {"filterOldMetrics": false},
               "maxValue": null,
               "metric": {
                  "metricKey": "activity|runtime_memory_used",
                  "name": "Activity|Runtime Memory Used (B/s)"
               },
               "metricName": "",
               "metricUnit": {
                  "metricUnitId": "mbyteps",
                  "metricUnitName": "MB/s"
               },
               "mode": "all",
               "percentileValue": null,
               "refreshContent": {"refreshContent": true},
               "refreshInterval": 300,
               "regenerationTime": 15,
               "relationshipMode": {"relationshipMode": -1},
               "resource": [],
               "resourceKind": [{"id": "resourceKind:id:2_::_"}],
               "roundDecimals": 1,
               "selfProvider": {"selfProvider": false},
               "tagFilter": null,
               "title": "Query Runtime Memory Used (for selected Database)",
               "topOption": "metricsHighestUtilization"
            },
            "gridsterCoords": {
               "h": 7,
               "w": 4,
               "x": 9,
               "y": 17
            },
            "height": 380,
            "id": "3c0d90ba-e399-4221-b5d5-cc4a9674e786",
            "title": "Query Runtime Memory Used (for selected Database)",
            "type": "ParetoAnalysis"
         },
         {
            "collapsed": false,
            "config": {
               "locationFile": "",
               "locationUrl": "https://docs.vmware.com/en/VMware-vRealize-True-Visibility-Suite/1.0/oracle-database/GUID-64D292FC-EB14-4D70-B5A5-F5CF6DCC9340.html",
               "refreshContent": {"refreshContent": true},
               "refreshInterval": 300,
               "title": "Documentation",
               "viewModeHTML": true
            },
            "gridsterCoords": {
               "h": 12,
               "w": 12,
               "x": 1,
               "y": 24
            },
            "height": 666,
            "id": "48365372-8fd2-47ce-b6e9-f4924fafea29",
            "title": "Documentation",
            "type": "TextDisplay"
         }
      ]
   }],
   "entries": {
      "resource": [{
         "adapterKindKey": "Container",
         "identifiers": [],
         "internalId": "resource:id:0_::_",
         "name": "Oracle Databases",
         "resourceKindKey": "Function"
      }],
      "resourceKind": [
         {
            "adapterKindKey": "OracleDBAdapter",
            "internalId": "resourceKind:id:2_::_",
            "resourceKindKey": "oracle_database_oracle_database_query"
         },
         {
            "adapterKindKey": "OracleDBAdapter",
            "internalId": "resourceKind:id:0_::_",
            "resourceKindKey": "oracle_database_oracle_database_database"
         },
         {
            "adapterKindKey": "OracleDBAdapter",
            "internalId": "resourceKind:id:1_::_",
            "resourceKindKey": "oracle_database_oracle_database_instance"
         }
      ]
   },
   "uuid": "8aad923b-b064-4446-a25b-aa2dea69a822"
}