<?xml version="1.0" encoding="UTF-8" standalone="yes"?>
<Content>
    <Views>
        <ViewDef id="c5b89c45-8dfd-4f7d-b7e6-cb32d03edc54">
            <Title>Oracle Database Details</Title>
            <Description>Oracle Database Details</Description>
            <SubjectType adapterKind="OracleDBAdapter" resourceKind="oracle_database_oracle_database_database" type="descendant"/>
            <SubjectType adapterKind="OracleDBAdapter" resourceKind="oracle_database_oracle_database_database" type="self"/>
            <Usage>dashboard</Usage>
            <Usage>report</Usage>
            <Usage>details</Usage>
            <Usage>content</Usage>
            <Controls>
                <Control id="time-interval-selector_id_59" type="time-interval-selector" visible="false">
                    <Property name="advancedTimeMode" value="false"/>
                    <Property name="unit" value="DAYS"/>
                    <Property name="count" value="7"/>
                </Control>
                <Control id="attributes-selector_id_60" type="attributes-selector" visible="false">
                    <Property name="attributeInfos">
                        <List>
                            <Item>
<Value>
    <Property name="objectType" value="RESOURCE"/>
    <Property name="attributeKey" value="badge|health"/>
    <Property name="preferredUnitId" value="percent"/>
    <Property name="isStringAttribute" value="false"/>
    <Property name="adapterKind" value="OracleDBAdapter"/>
    <Property name="resourceKind" value="oracle_database_oracle_database_database"/>
    <Property name="rollUpType" value="NONE"/>
    <Property name="rollUpCount" value="0"/>
    <Property name="transformations">
        <List>
            <Item value="CURRENT"/>
        </List>
    </Property>
    <Property name="isProperty" value="false"/>
    <Property name="yellowBound" value="75"/>
    <Property name="orangeBound" value="50"/>
    <Property name="redBound" value="25"/>
    <Property name="ascendingRange" value="true"/>
    <Property name="displayName" value="Health"/>
    <Property name="addTimestampAsColumn" value="false"/>
    <Property name="isShowRelativeTimestamp" value="false"/>
</Value>
                            </Item>
                            <Item>
<Value>
    <Property name="objectType" value="RESOURCE"/>
    <Property name="attributeKey" value="General|instances"/>
    <Property name="isStringAttribute" value="false"/>
    <Property name="adapterKind" value="OracleDBAdapter"/>
    <Property name="resourceKind" value="oracle_database_oracle_database_database"/>
    <Property name="rollUpType" value="NONE"/>
    <Property name="rollUpCount" value="0"/>
    <Property name="transformations">
        <List>
            <Item value="CURRENT"/>
        </List>
    </Property>
    <Property name="isProperty" value="false"/>
    <Property name="displayName" value="Instances"/>
    <Property name="addTimestampAsColumn" value="false"/>
    <Property name="isShowRelativeTimestamp" value="false"/>
</Value>
                            </Item>
                            <Item>
<Value>
    <Property name="objectType" value="RESOURCE"/>
    <Property name="attributeKey" value="Activity|last_rman_backup"/>
    <Property name="preferredUnitId" value="auto"/>
    <Property name="isStringAttribute" value="false"/>
    <Property name="adapterKind" value="OracleDBAdapter"/>
    <Property name="resourceKind" value="oracle_database_oracle_database_database"/>
    <Property name="rollUpType" value="NONE"/>
    <Property name="rollUpCount" value="0"/>
    <Property name="transformations">
        <List>
            <Item value="CURRENT"/>
        </List>
    </Property>
    <Property name="isProperty" value="false"/>
    <Property name="yellowBound" value="1"/>
    <Property name="orangeBound" value="2"/>
    <Property name="redBound" value="3"/>
    <Property name="ascendingRange" value="false"/>
    <Property name="displayName" value="Last RMAN Backup"/>
    <Property name="addTimestampAsColumn" value="false"/>
    <Property name="isShowRelativeTimestamp" value="false"/>
</Value>
                            </Item>
                            <Item>
<Value>
    <Property name="objectType" value="RESOURCE"/>
    <Property name="attributeKey" value="general|LOG_MODE"/>
    <Property name="isStringAttribute" value="true"/>
    <Property name="adapterKind" value="OracleDBAdapter"/>
    <Property name="resourceKind" value="oracle_database_oracle_database_database"/>
    <Property name="rollUpCount" value="0"/>
    <Property name="transformations">
        <List>
            <Item value="CURRENT"/>
        </List>
    </Property>
    <Property name="isProperty" value="true"/>
    <Property name="displayName" value="Archive Log Mode"/>
    <Property name="addTimestampAsColumn" value="false"/>
    <Property name="isShowRelativeTimestamp" value="false"/>
</Value>
                            </Item>
                            <Item>
<Value>
    <Property name="objectType" value="RESOURCE"/>
    <Property name="attributeKey" value="general|CONTROLFILE_COUNT"/>
    <Property name="isStringAttribute" value="false"/>
    <Property name="adapterKind" value="OracleDBAdapter"/>
    <Property name="resourceKind" value="oracle_database_oracle_database_database"/>
    <Property name="rollUpCount" value="0"/>
    <Property name="transformations">
        <List>
            <Item value="CURRENT"/>
        </List>
    </Property>
    <Property name="isProperty" value="true"/>
    <Property name="displayName" value="Control File Count"/>
    <Property name="addTimestampAsColumn" value="false"/>
    <Property name="isShowRelativeTimestamp" value="false"/>
</Value>
                            </Item>
                            <Item>
<Value>
    <Property name="objectType" value="RESOURCE"/>
    <Property name="attributeKey" value="general|database_type"/>
    <Property name="isStringAttribute" value="true"/>
    <Property name="adapterKind" value="OracleDBAdapter"/>
    <Property name="resourceKind" value="oracle_database_oracle_database_database"/>
    <Property name="rollUpCount" value="0"/>
    <Property name="transformations">
        <List>
            <Item value="CURRENT"/>
        </List>
    </Property>
    <Property name="isProperty" value="true"/>
    <Property name="displayName" value="Database Type"/>
    <Property name="addTimestampAsColumn" value="false"/>
    <Property name="isShowRelativeTimestamp" value="false"/>
</Value>
                            </Item>
                            <Item>
<Value>
    <Property name="objectType" value="RESOURCE"/>
    <Property name="attributeKey" value="general|fast_recovery_area"/>
    <Property name="isStringAttribute" value="true"/>
    <Property name="adapterKind" value="OracleDBAdapter"/>
    <Property name="resourceKind" value="oracle_database_oracle_database_database"/>
    <Property name="rollUpCount" value="0"/>
    <Property name="transformations">
        <List>
            <Item value="CURRENT"/>
        </List>
    </Property>
    <Property name="isProperty" value="true"/>
    <Property name="displayName" value="Fast Recovery Area"/>
    <Property name="addTimestampAsColumn" value="false"/>
    <Property name="isShowRelativeTimestamp" value="false"/>
</Value>
                            </Item>
                            <Item>
<Value>
    <Property name="objectType" value="RESOURCE"/>
    <Property name="attributeKey" value="general|FLASHBACK_ON"/>
    <Property name="isStringAttribute" value="true"/>
    <Property name="adapterKind" value="OracleDBAdapter"/>
    <Property name="resourceKind" value="oracle_database_oracle_database_database"/>
    <Property name="rollUpCount" value="0"/>
    <Property name="transformations">
        <List>
            <Item value="CURRENT"/>
        </List>
    </Property>
    <Property name="isProperty" value="true"/>
    <Property name="displayName" value="Flashback Enabled"/>
    <Property name="addTimestampAsColumn" value="false"/>
    <Property name="isShowRelativeTimestamp" value="false"/>
</Value>
                            </Item>
                            <Item>
<Value>
    <Property name="objectType" value="RESOURCE"/>
    <Property name="attributeKey" value="general|BANNER"/>
    <Property name="isStringAttribute" value="true"/>
    <Property name="adapterKind" value="OracleDBAdapter"/>
    <Property name="resourceKind" value="oracle_database_oracle_database_database"/>
    <Property name="rollUpCount" value="0"/>
    <Property name="transformations">
        <List>
            <Item value="CURRENT"/>
        </List>
    </Property>
    <Property name="isProperty" value="true"/>
    <Property name="displayName" value="Database Type"/>
    <Property name="addTimestampAsColumn" value="false"/>
    <Property name="isShowRelativeTimestamp" value="false"/>
</Value>
                            </Item>
                        </List>
                    </Property>
                </Control>
                <Control id="pagination-control_id_61" type="pagination-control" visible="true">
                    <Property name="start" value="0"/>
                    <Property name="size" value="100"/>
                </Control>
                <Control id="metadata_id_62" type="metadata" visible="false">
                    <Property name="maxPointsCount" value="5000"/>
                    <Property name="hideObjectNameColumn" value="false"/>
                    <Property name="listTopResultSize" value="-1"/>
                </Control>
            </Controls>
            <DataProviders>
                <DataProvider dataType="list-view" id="list-view_id_58"/>
            </DataProviders>
            <Presentation type="list"/>
        </ViewDef>
        <ViewDef id="7cfddf1a-152d-45fd-823a-4cefd53985d9">
            <Title>Oracle Database Instance Details</Title>
            <Description>Oracle Database Instance Details</Description>
            <SubjectType adapterKind="OracleDBAdapter" resourceKind="oracle_database_oracle_database_instance" type="descendant"/>
            <SubjectType adapterKind="OracleDBAdapter" resourceKind="oracle_database_oracle_database_instance" type="self"/>
            <Usage>dashboard</Usage>
            <Usage>report</Usage>
            <Usage>details</Usage>
            <Usage>content</Usage>
            <Controls>
                <Control id="time-interval-selector_id_71" type="time-interval-selector" visible="false">
                    <Property name="advancedTimeMode" value="false"/>
                    <Property name="unit" value="DAYS"/>
                    <Property name="count" value="7"/>
                </Control>
                <Control id="attributes-selector_id_72" type="attributes-selector" visible="false">
                    <Property name="attributeInfos">
                        <List>
                            <Item>
<Value>
    <Property name="objectType" value="RESOURCE"/>
    <Property name="attributeKey" value="badge|health"/>
    <Property name="preferredUnitId" value="percent"/>
    <Property name="isStringAttribute" value="false"/>
    <Property name="adapterKind" value="OracleDBAdapter"/>
    <Property name="resourceKind" value="oracle_database_oracle_database_instance"/>
    <Property name="rollUpType" value="NONE"/>
    <Property name="rollUpCount" value="0"/>
    <Property name="transformations">
        <List>
            <Item value="CURRENT"/>
        </List>
    </Property>
    <Property name="isProperty" value="false"/>
    <Property name="yellowBound" value="75"/>
    <Property name="orangeBound" value="50"/>
    <Property name="redBound" value="25"/>
    <Property name="ascendingRange" value="true"/>
    <Property name="displayName" value="Health"/>
    <Property name="addTimestampAsColumn" value="false"/>
    <Property name="isShowRelativeTimestamp" value="false"/>
</Value>
                            </Item>
                            <Item>
<Value>
    <Property name="objectType" value="RESOURCE"/>
    <Property name="attributeKey" value="general|DATABASE_STATUS"/>
    <Property name="isStringAttribute" value="true"/>
    <Property name="adapterKind" value="OracleDBAdapter"/>
    <Property name="resourceKind" value="oracle_database_oracle_database_instance"/>
    <Property name="rollUpCount" value="0"/>
    <Property name="transformations">
        <List>
            <Item value="CURRENT"/>
        </List>
    </Property>
    <Property name="isProperty" value="false"/>
    <Property name="displayName" value="Database Status"/>
    <Property name="addTimestampAsColumn" value="false"/>
    <Property name="isShowRelativeTimestamp" value="false"/>
</Value>
                            </Item>
                            <Item>
<Value>
    <Property name="objectType" value="RESOURCE"/>
    <Property name="attributeKey" value="general|STATUS"/>
    <Property name="isStringAttribute" value="true"/>
    <Property name="adapterKind" value="OracleDBAdapter"/>
    <Property name="resourceKind" value="oracle_database_oracle_database_instance"/>
    <Property name="rollUpCount" value="0"/>
    <Property name="transformations">
        <List>
            <Item value="CURRENT"/>
        </List>
    </Property>
    <Property name="isProperty" value="false"/>
    <Property name="yellowBound" value="OPEN MIGRATE"/>
    <Property name="orangeBound" value="MOUNTED"/>
    <Property name="redBound" value="STARTED"/>
    <Property name="ascendingRange" value="true"/>
    <Property name="displayName" value="Instance Status"/>
    <Property name="addTimestampAsColumn" value="false"/>
    <Property name="isShowRelativeTimestamp" value="false"/>
</Value>
                            </Item>
                            <Item>
<Value>
    <Property name="objectType" value="RESOURCE"/>
    <Property name="attributeKey" value="general|INSTANCE_ROLE"/>
    <Property name="isStringAttribute" value="true"/>
    <Property name="adapterKind" value="OracleDBAdapter"/>
    <Property name="resourceKind" value="oracle_database_oracle_database_instance"/>
    <Property name="rollUpCount" value="0"/>
    <Property name="transformations">
        <List>
            <Item value="CURRENT"/>
        </List>
    </Property>
    <Property name="isProperty" value="true"/>
    <Property name="displayName" value="Instance Role"/>
    <Property name="addTimestampAsColumn" value="false"/>
    <Property name="isShowRelativeTimestamp" value="false"/>
</Value>
                            </Item>
                            <Item>
<Value>
    <Property name="objectType" value="RESOURCE"/>
    <Property name="attributeKey" value="general|ACTIVE_STATE"/>
    <Property name="isStringAttribute" value="true"/>
    <Property name="adapterKind" value="OracleDBAdapter"/>
    <Property name="resourceKind" value="oracle_database_oracle_database_instance"/>
    <Property name="rollUpCount" value="0"/>
    <Property name="transformations">
        <List>
            <Item value="CURRENT"/>
        </List>
    </Property>
    <Property name="isProperty" value="false"/>
    <Property name="yellowBound" value="QUIESCING"/>
    <Property name="orangeBound" value="QUIESCED"/>
    <Property name="ascendingRange" value="true"/>
    <Property name="displayName" value="Instance Active State"/>
    <Property name="addTimestampAsColumn" value="false"/>
    <Property name="isShowRelativeTimestamp" value="false"/>
</Value>
                            </Item>
                            <Item>
<Value>
    <Property name="objectType" value="RESOURCE"/>
    <Property name="attributeKey" value="general|login_mode"/>
    <Property name="isStringAttribute" value="true"/>
    <Property name="adapterKind" value="OracleDBAdapter"/>
    <Property name="resourceKind" value="oracle_database_oracle_database_instance"/>
    <Property name="rollUpCount" value="0"/>
    <Property name="transformations">
        <List>
            <Item value="CURRENT"/>
        </List>
    </Property>
    <Property name="isProperty" value="true"/>
    <Property name="displayName" value="Login Mode"/>
    <Property name="addTimestampAsColumn" value="false"/>
    <Property name="isShowRelativeTimestamp" value="false"/>
</Value>
                            </Item>
                            <Item>
<Value>
    <Property name="objectType" value="RESOURCE"/>
    <Property name="attributeKey" value="general|VERSION"/>
    <Property name="isStringAttribute" value="true"/>
    <Property name="adapterKind" value="OracleDBAdapter"/>
    <Property name="resourceKind" value="oracle_database_oracle_database_instance"/>
    <Property name="rollUpCount" value="0"/>
    <Property name="transformations">
        <List>
            <Item value="CURRENT"/>
        </List>
    </Property>
    <Property name="isProperty" value="true"/>
    <Property name="displayName" value="Version"/>
    <Property name="addTimestampAsColumn" value="false"/>
    <Property name="isShowRelativeTimestamp" value="false"/>
</Value>
                            </Item>
                            <Item>
<Value>
    <Property name="objectType" value="RESOURCE"/>
    <Property name="attributeKey" value="general|STARTUP_TIME"/>
    <Property name="isStringAttribute" value="true"/>
    <Property name="adapterKind" value="OracleDBAdapter"/>
    <Property name="resourceKind" value="oracle_database_oracle_database_instance"/>
    <Property name="rollUpCount" value="0"/>
    <Property name="transformations">
        <List>
            <Item value="CURRENT"/>
        </List>
    </Property>
    <Property name="isProperty" value="true"/>
    <Property name="displayName" value="Startup Time"/>
    <Property name="addTimestampAsColumn" value="false"/>
    <Property name="isShowRelativeTimestamp" value="false"/>
</Value>
                            </Item>
                        </List>
                    </Property>
                </Control>
                <Control id="pagination-control_id_73" type="pagination-control" visible="true">
                    <Property name="start" value="0"/>
                    <Property name="size" value="100"/>
                </Control>
                <Control id="metadata_id_74" type="metadata" visible="false">
                    <Property name="maxPointsCount" value="5000"/>
                    <Property name="hideObjectNameColumn" value="false"/>
                    <Property name="listTopResultSize" value="-1"/>
                </Control>
            </Controls>
            <DataProviders>
                <DataProvider dataType="list-view" id="list-view_id_70"/>
            </DataProviders>
            <Presentation type="list"/>
        </ViewDef>
    </Views>
</Content>
